First Name,Last Name,Full Name,Email ,Thank You Note,Honors
Jeannie,Schoening,Jeannie Schoening,Jeannie.Schoening@example.com,{Curabitur eu neque ac magna volutpat pulvinar sit amet ac felis. Sed facilisis, urna ac facilisis ornare, dolor orci porta mi, in vulputate sapien quam ut nulla.},summa cum laude
Claud,Wei,Claud Wei,Claud.Wei@example.com,{Morbi finibus consequat odio vel feugiat. Nunc maximus, tellus non efficitur lobortis, lorem mi aliquam velit, a egestas metus lacus eu turpis. Aliquam sed malesuada risus. Nunc hendrerit purus libero, a accumsan velit pharetra vitae. },cum laude
Samatha,Glenn,Samatha Glenn,Samatha.Glenn@example.com,{Nulla tempor tincidunt nunc, id lobortis metus ullamcorper et. Morbi erat eros, dignissim at magna sed, rhoncus lobortis nisl. Phasellus sed nunc in est interdum congue at id velit. },
Emmett,Petrone,Emmett Petrone,Emmett.Petrone@example.com,{Etiam sagittis lacus eget risus bibendum lobortis. In sit amet pharetra arcu, et vestibulum odio. Nam tincidunt pellentesque nisi, in vestibulum purus vehicula et.},summa cum laude
Cedric,Runion,Cedric Runion,Cedric.Runion@example.com,{Etiam accumsan ipsum ut arcu tincidunt, non placerat lorem tempus. Proin eget interdum nulla. },magna cum laude
Trevor,Fabrizio,Trevor Fabrizio,Trevor.Fabrizio@example.com,{Suspendisse id urna nec nulla dignissim fermentum. Etiam dictum risus tincidunt, ullamcorper nisi in, tempor lectus. Curabitur turpis nibh, iaculis luctus leo a, pharetra pharetra lorem.},
Dannielle,Cammarata,Dannielle Cammarata,Dannielle.Cammarata@example.com,{Cras commodo nibh arcu, sit amet bibendum nulla commodo a. Suspendisse sit amet risus sit amet ipsum iaculis efficitur. },
Corrinne,Packer,Corrinne Packer,Corrinne.Packer@example.com,{Sed placerat magna ac accumsan interdum. Donec tempor vel nibh ac dictum. Sed sed dictum metus, vitae egestas nibh. Nunc eu commodo orci, sit amet pellentesque felis. },
Florinda,Stella,Florinda Stella,Florinda.Stella@example.com,{Morbi imperdiet semper leo. Sed efficitur accumsan ante, id rhoncus nulla viverra non. Donec eget metus rhoncus nisl ultricies malesuada eu a magna.},
Bonnie,Trower,Bonnie Trower,Bonnie.Trower@example.com,{Donec vel tristique felis. Vestibulum viverra tempor justo, sed pulvinar nulla eleifend sed. Proin venenatis finibus laoreet. Quisque sed laoreet leo, quis posuere leo. },
Christel,Padilla,Christel Padilla,Christel.Padilla@example.com,{Fusce nec luctus diam.},
Catrice,Pederson,Catrice Pederson,Catrice.Pederson@example.com,{Fusce sed arcu libero.},
Matilda,Morain,Matilda Morain,Matilda.Morain@example.com,{Sed eget tellus eget ex laoreet dignissim. Pellentesque sollicitudin tellus lacus, ullamcorper aliquet nibh feugiat at. },
Chu,Delancey,Chu Delancey,Chu.Delancey@example.com,{In imperdiet nisl id ante tempus, eu ultrices massa sollicitudin. Nam aliquam libero sit amet maximus malesuada. In felis mauris, lobortis sed erat nec, ornare mollis metus.},
Clora,Sellers,Clora Sellers,Clora.Sellers@example.com,{Nulla nulla dui, dapibus in imperdiet eu, sodales sit amet dolor. Pellentesque hendrerit urna a eros ornare, et commodo erat aliquam.},
Todd,Thrower,Todd Thrower,Todd.Thrower@example.com,{Donec pellentesque ipsum quis lectus rhoncus sodales. Curabitur et ligula volutpat, vulputate sem sed, porta arcu.},
Fallon,Guard,Fallon Guard,Fallon.Guard@example.com,{Curabitur congue sem sapien, vitae maximus nunc ultricies non. Nunc sed augue et sem porta pellentesque. Integer tincidunt tellus in blandit porta.},
Karole,Hemphill,Karole Hemphill,Karole.Hemphill@example.com,{Maecenas imperdiet porttitor feugiat. Sed eu cursus turpis. Integer a ipsum quis massa malesuada facilisis eu id massa.},
Loree,Flury,Loree Flury,Loree.Flury@example.com,{Suspendisse eros dui, ultricies et hendrerit at, viverra id leo.},
Arla,Brewer,Arla Brewer,Arla.Brewer@example.com,{ed cursus, metus eu eleifend rutrum, ligula lectus suscipit lectus, bibendum vestibulum ligula ante nec felis. },cum laude
Tran,Gurley,Tran Gurley,Tran.Gurley@example.com,{Suspendisse fermentum, velit eget ullamcorper hendrerit, sem purus suscipit elit, porttitor pellentesque metus est bibendum enim.},
Aurora,Quintanilla,Aurora Quintanilla,Aurora.Quintanilla@example.com,{Fusce et felis auctor, facilisis est eget, iaculis dui. Morbi rhoncus sagittis nisi non laoreet. Curabitur consequat faucibus lacus ac luctus. Quisque porttitor ex sed auctor pharetra. },
Davida,Farabee,Davida Farabee,Davida.Farabee@example.com,{Duis justo nibh, pharetra eget sem sit amet, congue venenatis elit.},
Kirstin,Raiford,Kirstin Raiford,Kirstin.Raiford@example.com,{Aenean erat eros, varius id accumsan eget, tincidunt non odio.},
Aja,Rumbaugh,Aja Rumbaugh,Aja.Rumbaugh@example.com,{Proin augue eros, ultrices id dolor maximus, sollicitudin gravida mauris.},magna cum laude
Liana,Koziol,Liana Koziol,Liana.Koziol@example.com,{Cras vitae metus ut ipsum sodales condimentum sit amet eget massa. Maecenas dignissim congue massa vel semper.},
Henriette,Maglio,Henriette Maglio,Henriette.Maglio@example.com,{Aliquam sollicitudin arcu quis eros scelerisque posuere.},
Rea,Saur,Rea Saur,Rea.Saur@example.com,{Etiam commodo, leo dignissim auctor eleifend, magna arcu feugiat augue, at aliquam nisl diam ac elit.},cum laude
Rigoberto,Applebee,Rigoberto Applebee,Rigoberto.Applebee@example.com,{Ut ut tortor euismod, auctor orci ut, auctor neque.},
Pilar,Mcadory,Pilar Mcadory,Pilar.Mcadory@example.com,{Sed vehicula sodales massa, in porta ex posuere sed.},
Fletcher,Lucio,Fletcher Lucio,Fletcher.Lucio@example.com,{Pellentesque pulvinar non massa eget ultrices. Cras varius lectus quis elementum rutrum. },
Iva,Starks,Iva Starks,Iva.Starks@example.com,{Pellentesque habitant morbi tristique senectus et netus et malesuada fames ac turpis egestas.},
Janeth,Layfield,Janeth Layfield,Janeth.Layfield@example.com,{Phasellus ac ipsum aliquam, ultrices nulla a, efficitur augue. Donec porta sagittis tempor.},
Nell,Carrithers,Nell Carrithers,Nell.Carrithers@example.com,{Aliquam gravida a augue sit amet lacinia. Proin auctor dolor enim, vitae finibus eros laoreet sit amet.},
Elma,Gaston,Elma Gaston,Elma.Gaston@example.com,{Sed convallis laoreet gravida.},
Junita,Plaisance,Junita Plaisance,Junita.Plaisance@example.com,{Suspendisse potenti.},summa cum laude
Wendie,Gamon,Wendie Gamon,Wendie.Gamon@example.com,{Sed orci libero, vehicula at augue ut, varius tempus nisi.},
Johnie,Provencher,Johnie Provencher,Johnie.Provencher@example.com,{Curabitur sollicitudin efficitur porta.},
Brittanie,Danford,Brittanie Danford,Brittanie.Danford@example.com,{Morbi mattis risus et leo porta, vel tempor odio condimentum.},
Kristie,Gridley,Kristie Gridley,Kristie.Gridley@example.com,{Sed eu ligula accumsan, tincidunt orci sit amet, sagittis velit.},
Juan,Brandes,Juan Brandes,Juan.Brandes@example.com,{Nullam eleifend massa sed sem dapibus efficitur. },
Karleen,Tims,Karleen Tims,Karleen.Tims@example.com,{Suspendisse potenti.},
Francene,Binder,Francene Binder,Francene.Binder@example.com,{Ut velit tellus, cursus sed nibh ac, porta lacinia neque.},magna cum laude
Kenyetta,Treese,Kenyetta Treese,Kenyetta.Treese@example.com,{In ac facilisis nunc.},cum laude
Fern,Tavares,Fern Tavares,Fern.Tavares@example.com,{Curabitur congue imperdiet lectus interdum congue.},
Susan,Talty,Susan Talty,Susan.Talty@example.com,{Ut orci purus, condimentum ac imperdiet ut, dapibus et purus. },
Hortencia,Sowa,Hortencia Sowa,Hortencia.Sowa@example.com,{Mauris nec magna vulputate, congue tellus eu, lobortis tellus.},
Derek,Stoddard,Derek Stoddard,Derek.Stoddard@example.com,{Sed bibendum et lorem ac lacinia.},
Jackson,Luk,Jackson Luk,Jackson.Luk@example.com,{Nam non facilisis tortor. },cum laude
Tu,Moffit,Tu Moffit,Tu.Moffit@example.com,{Morbi mattis risus et leo porta, vel tempor odio condimentum.},